"country","iso3","components","currency","start_date_observations","end_date_observations","number_of_markets_modeled","number_of_markets_covered","number_of_food_items","number_of_observations_food","number_of_observations_other","data_coverage_food","data_coverage_previous_12_months_food","total_food_price_increase_since_start_date","average_annualized_food_inflation","maximum_food_drawdown","average_annualized_food_volatility","average_monthly_food_price_correlation_between_markets","average_annual_food_price_correlation_between_markets","Rsquared_individual_food_items","Rsquared_individual_other_items","index_confidence_score","imputation_model"
"Afghanistan","AFG","Bread (1 KG, Index Weight = 1), Rice (Low Quality) (1 KG, Index Weight = 1), Wheat (1 KG, Index Weight = 1)","AFN","Jan 2007","Jun 2024",40,40,3,"bread: 2624, rice: 3013, wheat: 2981","exchange_rate_wfp: 2242, fuel_diesel: 2268, wage_non_qualified_labour_non_agricultural: 2238, wage_qualified_labour: 2257","34.2%","83.12%","144.51%","5.27%","-40.61%","7.89%",0.6,0.87,"bread: 0.93, rice: 0.9, wheat: 0.93","exchange_rate_wfp: 1, fuel_diesel: 0.97, wage_non_qualified_labour_non_agricultural: 0.97, wage_qualified_labour: 0.98",0.92,"bread: cubist (Andree, 2021), rice: two-stage cubist (Andree and Pape, 2023), wheat: two-stage cubist (Andree and Pape, 2023), bread: cubist (Andree, 2021), rice: two-stage cubist (Andree and Pape, 2023), wheat: two-stage cubist (Andree and Pape, 2023), bread: cubist (Andree, 2021)"
"Armenia","ARM","Apples (Red) (1 KG, Index Weight = 1), Bread (High Grade Flour) (1 KG, Index Weight = 1), Cabbage (1 KG, Index Weight = 1), Carrots (1 KG, Index Weight = 1), Cheese (Dry) (1 KG, Index Weight = 1), Cucumbers (Greenhouse) (1 KG, Index Weight = 1), Eggs (1 Unit, Index Weight = 12), Fish (Fresh) (1 KG, Index Weight = 1), Lentils (1 KG, Index Weight = 1), Meat (Beef) (1 KG, Index Weight = 1), Meat (Chicken) (1 KG, Index Weight = 1), Meat (Pork) (1 KG, Index Weight = 1), Milk (1 L, Index Weight = 1), Oil (Vegetable) (1 L, Index Weight = 1), Onions (1 KG, Index Weight = 1), Pasta (1 KG, Index Weight = 1), Potatoes (1 KG, Index Weight = 1), Rice (White) (1 KG, Index Weight = 1), Sugar (1 KG, Index Weight = 1), Tomatoes (1 KG, Index Weight = 1), Wheat Flour (1 KG, Index Weight = 1)","AMD","Nov 2008","Apr 2024",14,14,21,"apples: 1294, bread: 1302, cabbage: 1298, carrots: 1297, cheese: 1291, cucumbers: 1291, eggs: 1304, fish: 1281, lentils: 1304, meat_beef: 1299, meat_chicken: 1288, meat_pork: 1297, milk: 1272, oil: 1302, onions: 1298, pasta: 1298, potatoes: 1300, rice: 1362, sugar: 1295, tomatoes: 1293, wheat_flour: 1352","fuel_diesel: 1234, fuel_petrol_gasoline: 1316","46.93%","71.37%","4.78%","0.28%","-24.77%","8.28%",0.83,0.91,"apples: 0.91, bread: 0.99, cabbage: 0.94, carrots: 0.93, cheese: 0.99, cucumbers: 0.88, eggs: 0.99, fish: 0.99, lentils: 0.97, meat_beef: 0.99, meat_chicken: 0.99, meat_pork: 0.99, milk: 0.98, oil: 0.98, onions: 0.95, pasta: 0.97, potatoes: 0.95, rice: 0.98, sugar: 0.98, tomatoes: 0.9, wheat_flour: 0.97","fuel_diesel: 0.99, fuel_petrol_gasoline: 0.99",0.98,"apples: cubist (Andree, 2021), bread: cubist (Andree, 2021), cabbage: cubist (Andree, 2021), carrots: cubist (Andree, 2021), cheese: cubist (Andree, 2021), cucumbers: cubist (Andree, 2021), eggs: cubist (Andree, 2021), fish: cubist (Andree, 2021), lentils: cubist (Andree, 2021), meat_beef: cubist (Andree, 2021), meat_chicken: cubist (Andree, 2021), meat_pork: cubist (Andree, 2021), milk: cubist (Andree, 2021), oil: cubist (Andree, 2021), onions: cubist (Andree, 2021), pasta: cubist (Andree, 2021), potatoes: cubist (Andree, 2021), rice: cubist (Andree, 2021), sugar: cubist (Andree, 2021), tomatoes: cubist (Andree, 2021), wheat_flour: cubist (Andree, 2021), apples: cubist (Andree, 2021), bread: cubist (Andree, 2021)"
"Burundi","BDI","Bananas (1 KG, Index Weight = 1), Beans (1 KG, Index Weight = 1), Cassava Flour (1 KG, Index Weight = 1), Maize (White) (1 KG, Index Weight = 1), Maize Flour (1 KG, Index Weight = 1), Meat (Goat) (1 KG, Index Weight = 1), Onions (1 KG, Index Weight = 1), Sweet Potatoes (1 KG, Index Weight = 1), Rice (Low Quality, Local) (1 KG, Index Weight = 1), Tomatoes (1 KG, Index Weight = 1)","BIF","Jan 2007","Apr 2024",73,73,10,"bananas: 5955, beans: 6599, cassava_flour: 6545, maize: 6158, maize_flour: 5718, meat_goat: 5714, onions: 6066, potatoes: 6545, rice: 6346, tomatoes: 6044",": ","40.24%","78.87%","275.13%","7.89%","-34.19%","13%",0.61,0.82,"bananas: 0.89, beans: 0.9, cassava_flour: 0.89, maize: 0.87, maize_flour: 0.93, meat_goat: 0.97, onions: 0.81, potatoes: 0.84, rice: 0.95, tomatoes: 0.8",": ",0.9,"bananas: two-stage cubist (Andree and Pape, 2023), beans: cubist (Andree, 2021), cassava_flour: cubist (Andree, 2021), maize: cubist (Andree, 2021), maize_flour: two-stage cubist (Andree and Pape, 2023), meat_goat: two-stage cubist (Andree and Pape, 2023), onions: two-stage cubist (Andree and Pape, 2023), potatoes: cubist (Andree, 2021), rice: cubist (Andree, 2021), tomatoes: two-stage cubist (Andree and Pape, 2023)"
"Burkina Faso","BFA","Maize (White) (1 KG, Index Weight = 1), Millet (1 KG, Index Weight = 1), Rice (Local) (1 KG, Index Weight = 1), Sorghum (White) (1 KG, Index Weight = 1)","XOF","Jan 2007","Apr 2024",64,64,4,"maize: 7086, millet: 8160, rice: 3332, sorghum: 7723",": ","48.92%","68.95%","136.02%","5.05%","-29.59%","10.12%",0.56,0.79,"maize: 0.85, millet: 0.84, rice: 0.71, sorghum: 0.82",": ",0.81,"maize: cubist (Andree, 2021), millet: cubist (Andree, 2021), rice: two-stage cubist (Andree and Pape, 2023), sorghum: cubist (Andree, 2021)"
"Bangladesh","BGD","Lentils (Masur) (1 KG, Index Weight = 1), Oil (Palm) (1 L, Index Weight = 1), Wheat Flour (1 KG, Index Weight = 1)","BDT","Jan 2007","Apr 2024",73,73,3,"lentils: 2786, oil: 3263, wheat_flour: 2873",": ","19.4%","63.77%","129.99%","4.9%","-30.2%","7.54%",0.85,0.97,"lentils: 0.94, oil: 0.96, wheat_flour: 0.97",": ",0.96,"lentils: cubist (Andree, 2021), oil: cubist (Andree, 2021), wheat_flour: cubist (Andree, 2021)"
"Central African Republic","CAF","Cassava (Cossette) (1 KG, Index Weight = 1), Maize (1 KG, Index Weight = 1), Meat (Beef) (1 KG, Index Weight = 1), Oil (Palm) (1 L, Index Weight = 1), Rice (1 KG, Index Weight = 1)","XAF","Jan 2007","Apr 2024",42,42,5,"cassava: 2567, maize: 2087, meat_beef: 2445, oil: 2273, rice: 2455",": ","26.82%","57.06%","172.52%","5.93%","-22.43%","13.09%",0.36,0.66,"cassava: 0.9, maize: 0.89, meat_beef: 0.95, oil: 0.74, rice: 0.91",": ",0.89,"cassava: cubist (Andree, 2021), maize: cubist (Andree, 2021), meat_beef: cubist (Andree, 2021), oil: two-stage cubist (Andree and Pape, 2023), rice: cubist (Andree, 2021)"
"Cameroon","CMR","Bananas (12 KG, Index Weight = 0.08), Cassava (Fresh) (5 KG, Index Weight = 0.2), Fish (Mackerel, Fresh) (1 KG, Index Weight = 1), Maize (White) (1 KG, Index Weight = 1), Meat (Beef) (1 KG, Index Weight = 1), Oil (Palm) (1 L, Index Weight = 1), Rice (Long Grain, Imported) (1 KG, Index Weight = 1), Sorghum (Red) (100 KG, Index Weight = 0.01), Wheat Flour (1 KG, Index Weight = 1)","XAF","Apr 2010","Apr 2024",83,83,9,"bananas: 660, cassava: 660, fish_mackerel: 1720, maize: 1499, meat_beef: 2333, oil: 1919, rice: 2312, sorghum: 654, wheat_flour: 1157",": ","10.11%","23.26%","46.85%","2.75%","-1.83%","1.75%",0.2,0.71,"bananas: 0.96, cassava: 0.96, fish_mackerel: 0.97, maize: 0.95, meat_beef: 0.98, oil: 0.96, rice: 0.97, sorghum: 0.99, wheat_flour: 0.99",": ",0.97,"bananas: two-stage cubist (Andree and Pape, 2023), cassava: two-stage cubist (Andree and Pape, 2023), fish_mackerel: two-stage cubist (Andree and Pape, 2023), maize: two-stage cubist (Andree and Pape, 2023), meat_beef: two-stage cubist (Andree and Pape, 2023), oil: two-stage cubist (Andree and Pape, 2023), rice: two-stage cubist (Andree and Pape, 2023), sorghum: two-stage cubist (Andree and Pape, 2023), wheat_flour: two-stage cubist (Andree and Pape, 2023)"
"Congo, Dem. Rep.","COD","Beans (1 KG, Index Weight = 1), Cassava (Cossette) (1 KG, Index Weight = 1), Cassava Flour (1 KG, Index Weight = 1), Fish (Fresh) (1 KG, Index Weight = 1), Fish (Salted) (1 KG, Index Weight = 1), Fish (Smoked) (1 KG, Index Weight = 1), Maize (1 KG, Index Weight = 1), Maize Meal (1 KG, Index Weight = 1), Meat (Beef) (1 KG, Index Weight = 1), Meat (Chicken) (1 KG, Index Weight = 1), Meat (Goat, With Bones) (1 KG, Index Weight = 1), Oil (Palm) (1 L, Index Weight = 1), Plantains (1 KG, Index Weight = 1), Rice (Local) (1 KG, Index Weight = 1), Salt (1 KG, Index Weight = 1), Sugar (1 KG, Index Weight = 1), Wheat Flour (1 KG, Index Weight = 1)","CDF","Jan 2007","Nov 2023",107,107,17,"beans: 3235, cassava: 2975, cassava_flour: 3646, fish: 3051, fish_salted: 2819, fish_smoked: 2775, maize: 3507, maize_meal: 3260, meat_beef: 2687, meat_chicken: 1545, meat_goat: 2841, oil: 3851, plantains: 3079, rice: 3379, salt: 3322, sugar: 3350, wheat_flour: 2130","exchange_rate_wfp: 2977","13.47%","19.24%","237.66%","7.24%","-15.99%","7.98%",0.28,0.66,"beans: 0.91, cassava: 0.93, cassava_flour: 0.93, fish: 0.94, fish_salted: 0.95, fish_smoked: 0.95, maize: 0.92, maize_meal: 0.91, meat_beef: 0.97, meat_chicken: 0.95, meat_goat: 0.97, oil: 0.9, plantains: 0.91, rice: 0.92, salt: 0.91, sugar: 0.93, wheat_flour: 0.93","exchange_rate_wfp: 0.98",0.93,"beans: cubist (Andree, 2021), cassava: cubist (Andree, 2021), cassava_flour: cubist (Andree, 2021), fish: cubist (Andree, 2021), fish_salted: cubist (Andree, 2021), fish_smoked: cubist (Andree, 2021), maize: cubist (Andree, 2021), maize_meal: two-stage cubist (Andree and Pape, 2023), meat_beef: cubist (Andree, 2021), meat_chicken: two-stage cubist (Andree and Pape, 2023), meat_goat: cubist (Andree, 2021), oil: cubist (Andree, 2021), plantains: cubist (Andree, 2021), rice: cubist (Andree, 2021), salt: cubist (Andree, 2021), sugar: cubist (Andree, 2021), wheat_flour: cubist (Andree, 2021), beans: cubist (Andree, 2021)"
"Congo, Rep.","COG","Beans (White) (1 KG, Index Weight = 1), Cassava Flour (1 KG, Index Weight = 1), Oil (Vegetable) (1 L, Index Weight = 1), Rice (Mixed, Low Quality) (1 KG, Index Weight = 1)","XAF","Jan 2011","Jan 2024",13,13,4,"beans: 591, cassava_flour: 597, oil: 532, rice: 709",": ","28.83%","12.66%","26.95%","1.79%","-15.6%","9.32%",0.52,0.52,"beans: 0.88, cassava_flour: 0.84, oil: 0.78, rice: 0.84",": ",0.84,"beans: two-stage cubist (Andree and Pape, 2023), cassava_flour: two-stage cubist (Andree and Pape, 2023), oil: two-stage cubist (Andree and Pape, 2023), rice: two-stage cubist (Andree and Pape, 2023)"
"Guinea","GIN","Beans (Niebe, White) (1 KG, Index Weight = 1), Bread (1 Unit, Index Weight = 1), Cassava Meal (Gari) (1 KG, Index Weight = 1), Maize (1 KG, Index Weight = 1), Meat (Beef) (1 KG, Index Weight = 1), Oil (Palm) (1 L, Index Weight = 1), Onions (Imported) (1 KG, Index Weight = 1), Potatoes (1 KG, Index Weight = 1), Rice (Local) (1 KG, Index Weight = 1), Salt (1 KG, Index Weight = 1), Sugar (1 KG, Index Weight = 1), Tomatoes (1 KG, Index Weight = 1)","GNF","Apr 2009","Oct 2023",19,19,12,"beans: 1054, bread: 1083, cassava_meal: 904, maize: 884, meat_beef: 1096, oil: 1213, onions: 562, potatoes: 907, rice: 1393, salt: 794, sugar: 1024, tomatoes: 835",": ","28.16%","20.94%","132.8%","5.73%","-12.17%","5.47%",0.31,0.62,"beans: 0.82, bread: 0.96, cassava_meal: 0.85, maize: 0.9, meat_beef: 0.97, oil: 0.88, onions: 0.82, potatoes: 0.87, rice: 0.93, salt: 0.9, sugar: 0.92, tomatoes: 0.81",": ",0.9,"beans: cubist (Andree, 2021), bread: cubist (Andree, 2021), cassava_meal: cubist (Andree, 2021), maize: two-stage cubist (Andree and Pape, 2023), meat_beef: two-stage cubist (Andree and Pape, 2023), oil: cubist (Andree, 2021), onions: two-stage cubist (Andree and Pape, 2023), potatoes: two-stage cubist (Andree and Pape, 2023), rice: cubist (Andree, 2021), salt: cubist (Andree, 2021), sugar: cubist (Andree, 2021), tomatoes: cubist (Andree, 2021)"
"Gambia, The","GMB","Apples (Red) (1 KG, Index Weight = 1), Bananas (1 KG, Index Weight = 1), Beans (Dry) (1 KG, Index Weight = 1), Bread (1 KG, Index Weight = 1), Cabbage (1 KG, Index Weight = 1), Carrots (1 KG, Index Weight = 1), Cassava (1 KG, Index Weight = 1), Coffee (Instant) (1 Unit, Index Weight = 1), Eggs (1 Unit, Index Weight = 12), Fish (Bonga) (1 KG, Index Weight = 1), Garlic (1 KG, Index Weight = 1), Groundnuts (Shelled) (1 KG, Index Weight = 1), Maize (1 KG, Index Weight = 1), Meat (Beef) (1 KG, Index Weight = 1), Meat (Chicken) (1 KG, Index Weight = 1), Milk (1 KG, Index Weight = 1), Millet (1 KG, Index Weight = 1), Oil (Vegetable) (1 L, Index Weight = 1), Onions (1 KG, Index Weight = 1), Oranges (Big Size) (1 KG, Index Weight = 1), Potatoes (Irish) (1 KG, Index Weight = 1), Rice (Small Grain, Imported) (1 KG, Index Weight = 1), Salt (1 KG, Index Weight = 1), Sugar (1 KG, Index Weight = 1), Tea (1 Unit, Index Weight = 1), Tomatoes (1 KG, Index Weight = 1)","GMD","Jan 2007","Dec 2023",28,28,26,"apples: 1688, bananas: 1816, beans: 1808, bread: 1731, cabbage: 1812, carrots: 1819, cassava: 1532, coffee_instant: 1146, eggs: 1759, fish: 1786, garlic: 1728, groundnuts: 3129, maize: 1702, meat_beef: 1771, meat_chicken: 1701, milk: 1772, millet: 3007, oil: 1815, onions: 1811, oranges: 1588, potatoes: 1734, rice: 3477, salt: 1802, sugar: 1811, tea: 1752, tomatoes: 1802","fuel_diesel: 1812, fuel_petrol_gasoline: 1785","32.25%","48.96%","215.47%","6.82%","-19.66%","7%",0.56,0.83,"apples: 0.95, bananas: 0.93, beans: 0.91, bread: 0.92, cabbage: 0.85, carrots: 0.86, cassava: 0.9, coffee_instant: 0.94, eggs: 0.97, fish: 0.89, garlic: 0.91, groundnuts: 0.88, maize: 0.92, meat_beef: 0.97, meat_chicken: 0.93, milk: 0.9, millet: 0.84, oil: 0.95, onions: 0.92, oranges: 0.92, potatoes: 0.92, rice: 0.93, salt: 0.96, sugar: 0.94, tea: 0.95, tomatoes: 0.88","fuel_diesel: 0.98, fuel_petrol_gasoline: 0.98",0.94,"apples: two-stage cubist (Andree and Pape, 2023), bananas: two-stage cubist (Andree and Pape, 2023), beans: two-stage cubist (Andree and Pape, 2023), bread: two-stage cubist (Andree and Pape, 2023), cabbage: two-stage cubist (Andree and Pape, 2023), carrots: two-stage cubist (Andree and Pape, 2023), cassava: two-stage cubist (Andree and Pape, 2023), coffee_instant: two-stage cubist (Andree and Pape, 2023), eggs: two-stage cubist (Andree and Pape, 2023), fish: two-stage cubist (Andree and Pape, 2023), garlic: two-stage cubist (Andree and Pape, 2023), groundnuts: two-stage cubist (Andree and Pape, 2023), maize: two-stage cubist (Andree and Pape, 2023), meat_beef: cubist (Andree, 2021), meat_chicken: two-stage cubist (Andree and Pape, 2023), milk: two-stage cubist (Andree and Pape, 2023), millet: two-stage cubist (Andree and Pape, 2023), oil: two-stage cubist (Andree and Pape, 2023), onions: cubist (Andree, 2021), oranges: two-stage cubist (Andree and Pape, 2023), potatoes: two-stage cubist (Andree and Pape, 2023), rice: two-stage cubist (Andree and Pape, 2023), salt: two-stage cubist (Andree and Pape, 2023), sugar: cubist (Andree, 2021), tea: two-stage cubist (Andree and Pape, 2023), tomatoes: two-stage cubist (Andree and Pape, 2023), apples: two-stage cubist (Andree and Pape, 2023), bananas: two-stage cubist (Andree and Pape, 2023)"
"Guinea-Bissau","GNB","Oil (Vegetable, Imported) (1 L, Index Weight = 1), Rice (Imported) (1 KG, Index Weight = 1), Sugar (1 KG, Index Weight = 1)","XOF","Jun 2007","May 2024",45,45,3,"oil: 2227, rice: 2171, sugar: 2213",": ","23.32%","85.31%","84.5%","3.58%","-28.03%","10.4%",0.72,0.93,"oil: 0.94, rice: 0.93, sugar: 0.88",": ",0.92,"oil: cubist (Andree, 2021), rice: cubist (Andree, 2021), sugar: cubist (Andree, 2021)"
"Haiti","HTI","Beans (Black) (1 Marmite, Index Weight = 0.37), Maize Meal (Local) (1 Marmite, Index Weight = 0.37), Oil (Vegetable, Imported) (1 Gallon, Index Weight = 0.26), Pasta (350 G, Index Weight = 2.86), Rice (Tchako) (1 Marmite, Index Weight = 0.37), Sorghum (1 Marmite, Index Weight = 0.37), Sugar (White) (1 Marmite, Index Weight = 0.37), Wheat Flour (Imported) (1 Marmite, Index Weight = 0.37)","HTG","Jan 2007","Jan 2024",9,9,8,"beans: 1229, maize_meal: 1786, oil: 1109, pasta: 631, rice: 1348, sorghum: 773, sugar: 808, wheat_flour: 1778",": ","62.58%","45.25%","585.57%","11.69%","-21.1%","9.65%",0.54,0.94,"beans: 0.92, maize_meal: 0.91, oil: 0.96, pasta: 0.96, rice: 0.95, sorghum: 0.93, sugar: 0.95, wheat_flour: 0.92",": ",0.95,"beans: cubist (Andree, 2021), maize_meal: cubist (Andree, 2021), oil: cubist (Andree, 2021), pasta: two-stage cubist (Andree and Pape, 2023), rice: cubist (Andree, 2021), sorghum: two-stage cubist (Andree and Pape, 2023), sugar: two-stage cubist (Andree and Pape, 2023), wheat_flour: cubist (Andree, 2021)"
"Indonesia","IDN","Meat (Chicken, Broiler) (1 KG, Index Weight = 1), Rice (1 KG, Index Weight = 1)","IDR","Jan 2007","May 2024",215,215,2,"meat_chicken_broiler: 9894, rice: 12069",": ","24.32%","61.67%","121.03%","4.66%","-31.72%","13.68%",0.73,0.86,"meat_chicken_broiler: 0.92, rice: 0.96",": ",0.94,"meat_chicken_broiler: cubist (Andree, 2021), rice: cubist (Andree, 2021)"
"Iraq","IRQ","Beans (White) (1 KG, Index Weight = 1), Bread (Khoboz) (1 Unit, Index Weight = 1), Cheese (Local) (1 KG, Index Weight = 1), Dates (1 KG, Index Weight = 1), Eggs (1 Unit, Index Weight = 12), Fish (1 KG, Index Weight = 1), Lentils (1 KG, Index Weight = 1), Meat (Beef) (1 KG, Index Weight = 1), Meat (Chicken) (1 KG, Index Weight = 1), Milk (Powder) (1 KG, Index Weight = 1), Oil (Vegetable) (1 L, Index Weight = 1), Potatoes (1 KG, Index Weight = 1), Rice (1 KG, Index Weight = 1), Salt (Iodised) (1 KG, Index Weight = 1), Sugar (1 KG, Index Weight = 1), Tea (1 KG, Index Weight = 1), Tomatoes (1 KG, Index Weight = 1), Wheat Flour (1 KG, Index Weight = 1)","IQD","Jan 2012","Jun 2024",20,20,18,"beans: 1461, bread: 2401, cheese: 1523, dates: 1549, eggs: 1540, fish: 1454, lentils: 1476, meat_beef: 1499, meat_chicken: 1541, milk: 1450, oil: 2214, potatoes: 1515, rice: 2184, salt: 1553, sugar: 2095, tea: 1544, tomatoes: 1422, wheat_flour: 2118","fuel_gas: 1549, fuel_kerosene: 1556, fuel_petrol_gasoline: 1564, wage_non_qualified_labour: 1550","56.55%","91.32%","20.01%","1.48%","-13.55%","3.08%",0.18,0.38,"beans: 0.97, bread: 0.98, cheese: 0.97, dates: 0.93, eggs: 0.98, fish: 0.95, lentils: 0.96, meat_beef: 0.98, meat_chicken: 0.95, milk: 0.96, oil: 0.96, potatoes: 0.94, rice: 0.95, salt: 0.97, sugar: 0.95, tea: 0.98, tomatoes: 0.91, wheat_flour: 0.94","fuel_gas: 0.99, fuel_kerosene: 0.97, fuel_petrol_gasoline: 0.99, wage_non_qualified_labour: 0.99",0.97,"beans: two-stage cubist (Andree and Pape, 2023), bread: cubist (Andree, 2021), cheese: two-stage cubist (Andree and Pape, 2023), dates: two-stage cubist (Andree and Pape, 2023), eggs: two-stage cubist (Andree and Pape, 2023), fish: two-stage cubist (Andree and Pape, 2023), lentils: two-stage cubist (Andree and Pape, 2023), meat_beef: two-stage cubist (Andree and Pape, 2023), meat_chicken: two-stage cubist (Andree and Pape, 2023), milk: two-stage cubist (Andree and Pape, 2023), oil: two-stage cubist (Andree and Pape, 2023), potatoes: two-stage cubist (Andree and Pape, 2023), rice: two-stage cubist (Andree and Pape, 2023), salt: cubist (Andree, 2021), sugar: two-stage cubist (Andree and Pape, 2023), tea: cubist (Andree, 2021), tomatoes: two-stage cubist (Andree and Pape, 2023), wheat_flour: cubist (Andree, 2021), beans: two-stage cubist (Andree and Pape, 2023), bread: two-stage cubist (Andree and Pape, 2023), cheese: two-stage cubist (Andree and Pape, 2023), dates: cubist (Andree, 2021)"
"Kenya","KEN","Beans (Dry) (1 KG, Index Weight = 1), Bread (400 G, Index Weight = 2.5), Maize (White) (1 KG, Index Weight = 1), Oil (Vegetable) (1 L, Index Weight = 1), Potatoes (Irish) (50 KG, Index Weight = 0.02), Sorghum (90 KG, Index Weight = 0.01)","KES","Jan 2007","Mar 2024",62,62,6,"beans: 881, bread: 168, maize: 1032, oil: 661, potatoes: 686, sorghum: 683",": ","5.26%","4.01%","122.42%","4.7%","-21.76%","8.85%",0.84,0.96,"beans: 0.91, bread: 0.97, maize: 0.99, oil: 0.93, potatoes: 0.98, sorghum: 0.97",": ",0.96,"beans: cubist (Andree, 2021), bread: two-stage cubist (Andree and Pape, 2023), maize: two-stage cubist (Andree and Pape, 2023), oil: cubist (Andree, 2021), potatoes: two-stage cubist (Andree and Pape, 2023), sorghum: two-stage cubist (Andree and Pape, 2023)"
"Lao PDR","LAO","Eggs (1 Unit, Index Weight = 12), Fish (Catfish) (1 KG, Index Weight = 1), Fish (Tilapia, Farmed) (1 KG, Index Weight = 1), Garlic (Small) (1 KG, Index Weight = 1), Meat (Beef, First Quality) (1 KG, Index Weight = 1), Meat (Buffalo, First Quality) (1 KG, Index Weight = 1), Meat (Chicken) (1 KG, Index Weight = 1), Meat (Pork, First Quality) (1 KG, Index Weight = 1), Oil (Soybean) (1 L, Index Weight = 1), Rice (Glutinous, First Quality) (1 KG, Index Weight = 1), Sugar (Brown) (1 KG, Index Weight = 1)","LAK","Feb 2009","May 2024",17,17,11,"eggs: 1955, fish_catfish: 1871, fish_tilapia: 1875, garlic: 1875, meat_beef: 2158, meat_buffalo: 2166, meat_chicken: 2116, meat_pork: 2154, oil: 1872, rice: 2225, sugar: 1822","fuel_diesel: 1753, fuel_petrol_gasoline: 1774","63.85%","83.96%","230.34%","8.1%","-7.62%","4.17%",0.42,0.84,"eggs: 0.99, fish_catfish: 0.98, fish_tilapia: 0.97, garlic: 0.96, meat_beef: 1, meat_buffalo: 0.99, meat_chicken: 0.97, meat_pork: 0.98, oil: 0.98, rice: 0.98, sugar: 0.99","fuel_diesel: 0.93, fuel_petrol_gasoline: 0.98",0.99,"eggs: cubist (Andree, 2021), fish_catfish: cubist (Andree, 2021), fish_tilapia: two-stage cubist (Andree and Pape, 2023), garlic: two-stage cubist (Andree and Pape, 2023), meat_beef: two-stage cubist (Andree and Pape, 2023), meat_buffalo: cubist (Andree, 2021), meat_chicken: cubist (Andree, 2021), meat_pork: cubist (Andree, 2021), oil: cubist (Andree, 2021), rice: cubist (Andree, 2021), sugar: cubist (Andree, 2021), eggs: cubist (Andree, 2021), fish_catfish: cubist (Andree, 2021)"
"Lebanon","LBN","Beans (White) (1 KG, Index Weight = 1), Bread (Pita) (1 KG, Index Weight = 1), Bulgur (Brown) (1 KG, Index Weight = 1), Cabbage (1 KG, Index Weight = 1), Cheese (Picon) (160 G, Index Weight = 6.25), Chickpeas (1 KG, Index Weight = 1), Cucumbers (Greenhouse) (1 KG, Index Weight = 1), Eggs (30 pcs, Index Weight = 0.33), Fish (Sardine, Canned) (125 G, Index Weight = 8), Fish (Tuna, Canned) (185 G, Index Weight = 5.41), Lentils (Red) (1 KG, Index Weight = 1), Lettuce (1 Head, Index Weight = 2), Meat (Beef, Canned) (200 G, Index Weight = 5), Meat (Chicken, Whole, Frozen) (1 KG, Index Weight = 1), Milk (Powder) (900 G, Index Weight = 1.11), Oil (Sunflower) (5 L, Index Weight = 0.2), Pasta (Spaghetti) (1 KG, Index Weight = 1), Rice (Imported, Egyptian) (1 KG, Index Weight = 1), Salt (1 KG, Index Weight = 1), Sugar (White) (1 KG, Index Weight = 1), Tomatoes (Paste) (1.3 KG, Index Weight = 0.77), Wheat Flour (1 KG, Index Weight = 1)","LBP","Jan 2012","Dec 2023",26,26,22,"beans: 2935, bread: 2795, bulgur: 2968, cabbage: 1333, cheese: 2783, chickpeas: 2241, cucumbers: 1179, eggs: 2794, fish_sardine_canned: 1370, fish_tuna_canned: 2480, lentils: 1703, lettuce: 779, meat_beef_canned: 2830, meat_chicken_whole_frozen: 1095, milk: 2896, oil: 2317, pasta: 2912, rice: 2920, salt: 2683, sugar: 2863, tomatoes_paste: 2386, wheat_flour: 2185","fuel_diesel: 2043, fuel_gas: 2095, fuel_petrol_gasoline_95_octane: 2043","58.8%","0%","15928.82%","50.51%","-14.05%","21.3%",0.8,0.99,"beans: 0.92, bread: 0.98, bulgur: 0.95, cabbage: 0.91, cheese: 0.96, chickpeas: 0.91, cucumbers: 0.9, eggs: 0.95, fish_sardine_canned: 0.96, fish_tuna_canned: 0.94, lentils: 0.94, lettuce: 0.92, meat_beef_canned: 0.96, meat_chicken_whole_frozen: 0.93, milk: 0.97, oil: 0.97, pasta: 0.89, rice: 0.93, salt: 0.92, sugar: 0.95, tomatoes_paste: 0.93, wheat_flour: 0.92","fuel_diesel: 0.99, fuel_gas: 0.99, fuel_petrol_gasoline_95_octane: 0.99",0.95,"beans: cubist (Andree, 2021), bread: cubist (Andree, 2021), bulgur: cubist (Andree, 2021), cabbage: cubist (Andree, 2021), cheese: two-stage cubist (Andree and Pape, 2023), chickpeas: cubist (Andree, 2021), cucumbers: cubist (Andree, 2021), eggs: cubist (Andree, 2021), fish_sardine_canned: cubist (Andree, 2021), fish_tuna_canned: two-stage cubist (Andree and Pape, 2023), lentils: two-stage cubist (Andree and Pape, 2023), lettuce: two-stage cubist (Andree and Pape, 2023), meat_beef_canned: two-stage cubist (Andree and Pape, 2023), meat_chicken_whole_frozen: two-stage cubist (Andree and Pape, 2023), milk: two-stage cubist (Andree and Pape, 2023), oil: two-stage cubist (Andree and Pape, 2023), pasta: two-stage cubist (Andree and Pape, 2023), rice: cubist (Andree, 2021), salt: cubist (Andree, 2021), sugar: cubist (Andree, 2021), tomatoes_paste: cubist (Andree, 2021), wheat_flour: cubist (Andree, 2021), beans: cubist (Andree, 2021), bread: cubist (Andree, 2021), bulgur: cubist (Andree, 2021)"
"Liberia","LBR","Cassava (Fresh) (50 KG, Index Weight = 0.02), Cowpeas (1 KG, Index Weight = 1), Oil (Palm) (1 Gallon, Index Weight = 0.26), Rice (Imported) (50 KG, Index Weight = 0.02)","LRD","Jan 2007","Aug 2020",24,24,4,"cassava: 1332, cowpeas: 1395, oil: 1414, rice: 1781","exchange_rate_wfp: 1178, fuel_diesel: 914, fuel_petrol_gasoline: 1728","29.38%","0%","259.58%","7.62%","-11.02%","6.48%",0.22,0.61,"cassava: 0.9, cowpeas: 0.94, oil: 0.94, rice: 0.98","exchange_rate_wfp: 0.97, fuel_diesel: 0.96, fuel_petrol_gasoline: 0.94",0.94,"cassava: two-stage cubist (Andree and Pape, 2023), cowpeas: two-stage cubist (Andree and Pape, 2023), oil: two-stage cubist (Andree and Pape, 2023), rice: two-stage cubist (Andree and Pape, 2023), cassava: two-stage cubist (Andree and Pape, 2023), cowpeas: two-stage cubist (Andree and Pape, 2023), oil: two-stage cubist (Andree and Pape, 2023)"
"Libya","LBY","Beans (400 G, Index Weight = 2.5), Bread (5 pcs, Index Weight = 2), Chickpeas (400 G, Index Weight = 2.5), Couscous (1 KG, Index Weight = 1), Eggs (30 pcs, Index Weight = 0.33), Fish (Tuna, Canned) (200 G, Index Weight = 5), Meat (Chicken) (1 KG, Index Weight = 1), Meat (Lamb) (1 KG, Index Weight = 1), Milk (Pasteurized) (1 L, Index Weight = 1), Oil (Vegetable) (1 L, Index Weight = 1), Onions (1 KG, Index Weight = 1), Pasta (500 G, Index Weight = 2), Potatoes (1 KG, Index Weight = 1), Rice (1 KG, Index Weight = 1), Salt (1 KG, Index Weight = 1), Sugar (1 KG, Index Weight = 1), Tea (Black) (250 G, Index Weight = 4), Tomatoes (1 KG, Index Weight = 1), Tomatoes (Paste) (400 G, Index Weight = 2.5), Wheat Flour (1 KG, Index Weight = 1)","LYD","Jan 2017","Apr 2024",40,40,20,"beans: 2010, bread: 2560, chickpeas: 2560, couscous: 2545, eggs: 2562, fish_tuna_canned: 2580, meat_chicken: 2583, meat_lamb: 2549, milk: 2575, oil: 2554, onions: 2567, pasta: 2575, potatoes: 2574, rice: 2560, salt: 2550, sugar: 2570, tea: 2575, tomatoes: 2580, tomatoes_paste: 2558, wheat_flour: 2560","exchange_rate_wfp: 166, water_drinking: 1945","70.48%","38.12%","68.41%","7.28%","-19.65%","8.84%",0.34,0.77,"beans: 0.91, bread: 0.93, chickpeas: 0.91, couscous: 0.89, eggs: 0.96, fish_tuna_canned: 0.88, meat_chicken: 0.93, meat_lamb: 0.98, milk: 0.89, oil: 0.92, onions: 0.84, pasta: 0.88, potatoes: 0.85, rice: 0.9, salt: 0.91, sugar: 0.91, tea: 0.91, tomatoes: 0.81, tomatoes_paste: 0.9, wheat_flour: 0.9","exchange_rate_wfp: 0.99, water_drinking: 0.9",0.9,"beans: cubist (Andree, 2021), bread: cubist (Andree, 2021), chickpeas: cubist (Andree, 2021), couscous: two-stage cubist (Andree and Pape, 2023), eggs: cubist (Andree, 2021), fish_tuna_canned: two-stage cubist (Andree and Pape, 2023), meat_chicken: two-stage cubist (Andree and Pape, 2023), meat_lamb: cubist (Andree, 2021), milk: cubist (Andree, 2021), oil: cubist (Andree, 2021), onions: two-stage cubist (Andree and Pape, 2023), pasta: cubist (Andree, 2021), potatoes: cubist (Andree, 2021), rice: cubist (Andree, 2021), salt: cubist (Andree, 2021), sugar: cubist (Andree, 2021), tea: cubist (Andree, 2021), tomatoes: cubist (Andree, 2021), tomatoes_paste: cubist (Andree, 2021), wheat_flour: cubist (Andree, 2021), beans: two-stage cubist (Andree and Pape, 2023), bread: two-stage cubist (Andree and Pape, 2023)"
"Sri Lanka","LKA","Rice Various (1 KG, Index Weight = 1), Wheat Flour (1 KG, Index Weight = 1)","LKR","Jan 2007","May 2024",44,44,2,"rice_various: 2087, wheat_flour: 1393",": ","18.83%","36.65%","503.98%","10.88%","-17.44%","13.71%",0.9,0.99,"rice_various: 0.91, wheat_flour: 0.6",": ",0.8,"rice_various: two-stage cubist (Andree and Pape, 2023), wheat_flour: two-stage cubist (Andree and Pape, 2023)"
"Mali","MLI","Beans (Niebe) (1 KG, Index Weight = 1), Maize (1 KG, Index Weight = 1), Millet (1 KG, Index Weight = 1), Rice (Local) (1 KG, Index Weight = 1), Sorghum (1 KG, Index Weight = 1)","XOF","Jan 2007","Jan 2024",127,127,5,"beans: 7973, maize: 10013, millet: 14267, rice: 13296, sorghum: 12489",": ","43.52%","32.32%","72.41%","3.18%","-41.57%","8.97%",0.53,0.82,"beans: 0.91, maize: 0.9, millet: 0.91, rice: 0.93, sorghum: 0.92",": ",0.91,"beans: cubist (Andree, 2021), maize: cubist (Andree, 2021), millet: cubist (Andree, 2021), rice: cubist (Andree, 2021), sorghum: cubist (Andree, 2021)"
"Myanmar","MMR","Pulses (1 KG, Index Weight = 1), Rice (Low Quality) (1 KG, Index Weight = 1), Salt (1 KG, Index Weight = 1)","MMK","Jan 2008","May 2024",239,239,3,"pulses: 6412, rice: 8842, salt: 8069",": ","16.43%","40.86%","635.8%","12.93%","-21.55%","9.8%",0.25,0.63,"pulses: 0.92, rice: 0.91, salt: 0.88",": ",0.9,"pulses: cubist (Andree, 2021), rice: cubist (Andree, 2021), salt: cubist (Andree, 2021)"
"Mozambique","MOZ","Cowpeas (1 KG, Index Weight = 1), Groundnuts (Small, Shelled) (1 KG, Index Weight = 1), Maize (White) (1 KG, Index Weight = 1), Maize Meal (White, First Grade) (1 KG, Index Weight = 1), Oil (Vegetable, Local) (1 L, Index Weight = 1), Rice (Imported) (1 KG, Index Weight = 1), Sugar (Brown, Local) (1 KG, Index Weight = 1), Wheat Flour (Local) (1 KG, Index Weight = 1)","MZN","Jan 2007","Mar 2024",99,99,8,"cowpeas: 3866, groundnuts: 2949, maize: 4427, maize_meal: 3354, oil: 4377, rice: 4376, sugar: 4417, wheat_flour: 3436",": ","18.76%","9.15%","254.84%","7.54%","-27.15%","7.4%",0.43,0.87,"cowpeas: 0.77, groundnuts: 0.71, maize: 0.94, maize_meal: 0.93, oil: 0.95, rice: 0.94, sugar: 0.96, wheat_flour: 0.91",": ",0.91,"cowpeas: cubist (Andree, 2021), groundnuts: two-stage cubist (Andree and Pape, 2023), maize: cubist (Andree, 2021), maize_meal: cubist (Andree, 2021), oil: cubist (Andree, 2021), rice: cubist (Andree, 2021), sugar: cubist (Andree, 2021), wheat_flour: cubist (Andree, 2021)"
"Mauritania","MRT","Oil (Vegetable) (1 L, Index Weight = 1), Rice (Imported) (1 KG, Index Weight = 1), Sorghum (Taghalit) (1 KG, Index Weight = 1), Sugar (1 KG, Index Weight = 1), Wheat (1 KG, Index Weight = 1), Wheat Flour (1 KG, Index Weight = 1)","MRU","Jan 2007","Dec 2023",34,34,6,"oil: 1848, rice: 1762, sorghum: 1366, sugar: 1838, wheat: 1603, wheat_flour: 491",": ","20.79%","8.7%","70.42%","3.11%","-14.77%","5.12%",0.41,0.82,"oil: 0.93, rice: 0.92, sorghum: 0.89, sugar: 0.9, wheat: 0.89, wheat_flour: 0.94",": ",0.91,"oil: two-stage cubist (Andree and Pape, 2023), rice: two-stage cubist (Andree and Pape, 2023), sorghum: two-stage cubist (Andree and Pape, 2023), sugar: cubist (Andree, 2021), wheat: cubist (Andree, 2021), wheat_flour: two-stage cubist (Andree and Pape, 2023)"
"Malawi","MWI","Beans (1 KG, Index Weight = 1), Cassava (1 KG, Index Weight = 1), Groundnuts (Shelled) (1 KG, Index Weight = 1), Maize (1 KG, Index Weight = 1), Rice (1 KG, Index Weight = 1)","MWK","Jan 2007","Feb 2024",130,130,5,"beans: 5976, cassava: 2086, groundnuts: 3337, maize: 12767, rice: 4562",": ","21.05%","9.6%","908.24%","14.19%","-14.77%","10.98%",0.52,0.84,"beans: 0.9, cassava: 0.85, groundnuts: 0.87, maize: 0.89, rice: 0.9",": ",0.88,"beans: two-stage cubist (Andree and Pape, 2023), cassava: two-stage cubist (Andree and Pape, 2023), groundnuts: two-stage cubist (Andree and Pape, 2023), maize: two-stage cubist (Andree and Pape, 2023), rice: two-stage cubist (Andree and Pape, 2023)"
"Niger","NER","Millet (1 KG, Index Weight = 1), Rice (Imported) (1 KG, Index Weight = 1), Sorghum (1 KG, Index Weight = 1)","XOF","Jan 2007","Mar 2024",79,79,3,"millet: 12176, rice: 11504, sorghum: 11039",": ","69.76%","48.17%","114.77%","4.49%","-23.65%","9.65%",0.45,0.77,"millet: 0.86, rice: 0.94, sorghum: 0.83",": ",0.89,"millet: cubist (Andree, 2021), rice: cubist (Andree, 2021), sorghum: cubist (Andree, 2021)"
"Nigeria","NGA","Bread (1 Unit, Index Weight = 1), Cassava Meal (Gari, Yellow) (100 KG, Index Weight = 0.01), Cowpeas (White) (100 KG, Index Weight = 0.01), Gari (White) (100 KG, Index Weight = 0.01), Groundnuts (Shelled) (100 KG, Index Weight = 0.01), Maize (White) (100 KG, Index Weight = 0.01), Millet (100 KG, Index Weight = 0.01), Rice (Imported) (50 KG, Index Weight = 0.02), Sorghum (White) (100 KG, Index Weight = 0.01)","NGN","Jan 2007","Jan 2023",47,47,9,"bread: 1533, cassava_meal: 1255, cowpeas: 1536, gari: 1430, groundnuts: 1473, maize: 1723, millet: 1610, rice: 1443, sorghum: 1708","fuel_diesel: 1522, fuel_petrol_gasoline: 1533","15.44%","0%","341.76%","8.9%","-30.8%","8.91%",0.79,0.98,"bread: 0.96, cassava_meal: 0.98, cowpeas: 0.96, gari: 0.98, groundnuts: 0.97, maize: 0.89, millet: 0.87, rice: 0.9, sorghum: 0.88","fuel_diesel: 0.97, fuel_petrol_gasoline: 0.98",0.96,"bread: two-stage cubist (Andree and Pape, 2023), cassava_meal: two-stage cubist (Andree and Pape, 2023), cowpeas: two-stage cubist (Andree and Pape, 2023), gari: two-stage cubist (Andree and Pape, 2023), groundnuts: two-stage cubist (Andree and Pape, 2023), maize: two-stage cubist (Andree and Pape, 2023), millet: two-stage cubist (Andree and Pape, 2023), rice: cubist (Andree, 2021), sorghum: cubist (Andree, 2021), bread: cubist (Andree, 2021), cassava_meal: cubist (Andree, 2021)"
"Philippines","PHL","Beans (Mung) (1 KG, Index Weight = 1), Cabbage (1 KG, Index Weight = 1), Carrots (1 KG, Index Weight = 1), Eggs (1 Unit, Index Weight = 12), Garlic (1 KG, Index Weight = 1), Meat (Beef, Chops With Bones) (1 KG, Index Weight = 1), Meat (Chicken, Whole) (1 KG, Index Weight = 1), Meat (Pork) (1 KG, Index Weight = 1), Onions (Red) (1 KG, Index Weight = 1), Potatoes (Irish) (1 KG, Index Weight = 1), Rice (Regular, Milled) (1 KG, Index Weight = 1), Tomatoes (1 KG, Index Weight = 1)","PHP","Jan 2007","Apr 2024",108,108,12,"beans: 3447, cabbage: 5402, carrots: 5582, eggs: 4901, garlic: 2758, meat_beef_chops: 5283, meat_chicken_whole: 5182, meat_pork: 5673, onions: 5117, potatoes: 4651, rice: 5931, tomatoes: 5607",": ","21.87%","50.85%","95.97%","3.94%","-15.15%","7.07%",0.58,0.7,"beans: 0.88, cabbage: 0.93, carrots: 0.93, eggs: 0.99, garlic: 0.75, meat_beef_chops: 0.97, meat_chicken_whole: 0.97, meat_pork: 0.98, onions: 0.93, potatoes: 0.95, rice: 0.98, tomatoes: 0.91",": ",0.98,"beans: two-stage cubist (Andree and Pape, 2023), cabbage: cubist (Andree, 2021), carrots: cubist (Andree, 2021), eggs: cubist (Andree, 2021), garlic: two-stage cubist (Andree and Pape, 2023), meat_beef_chops: cubist (Andree, 2021), meat_chicken_whole: cubist (Andree, 2021), meat_pork: cubist (Andree, 2021), onions: cubist (Andree, 2021), potatoes: cubist (Andree, 2021), rice: cubist (Andree, 2021), tomatoes: cubist (Andree, 2021)"
"Sudan","SDN","Millet (3.5 KG, Index Weight = 0.29), Sorghum (3 KG, Index Weight = 0.33), Wheat (90 KG, Index Weight = 0.01)","SDG","Jan 2007","Mar 2024",18,18,4,"millet: 2206, sorghum: 2168, sorghum_food_aid: 1037, wheat: 704",": ","40.44%","25.23%","125434.01%","50.63%","-14.45%","26.94%",0.65,0.93,"millet: 0.91, sorghum: 0.92, sorghum_food_aid: 0.9, wheat: 0.89",": ",0.92,"millet: cubist (Andree, 2021), sorghum: cubist (Andree, 2021), sorghum_food_aid: cubist (Andree, 2021), wheat: two-stage cubist (Andree and Pape, 2023)"
"Senegal","SEN","Maize (Local) (1 KG, Index Weight = 1), Millet (1 KG, Index Weight = 1), Rice (Imported) (1 KG, Index Weight = 1), Sorghum (1 KG, Index Weight = 1)","XOF","Jan 2007","Mar 2024",64,64,4,"maize: 7473, millet: 9349, rice: 9194, sorghum: 6880",": ","61.19%","44.21%","120.69%","4.65%","-26.6%","8.23%",0.32,0.8,"maize: 0.79, millet: 0.82, rice: 0.85, sorghum: 0.8",": ",0.82,"maize: cubist (Andree, 2021), millet: cubist (Andree, 2021), rice: cubist (Andree, 2021), sorghum: cubist (Andree, 2021)"
"Somalia","SOM","Maize (White) (1 KG, Index Weight = 1), Milk (Camel) (1 L, Index Weight = 1), Oil (Vegetable, Imported) (1 L, Index Weight = 1), Rice (Imported) (1 KG, Index Weight = 1), Sorghum (Red) (1 KG, Index Weight = 1)","SOS","Jan 2007","Feb 2024",44,44,5,"maize: 2529, milk: 843, oil: 957, rice: 2645, sorghum: 2255","exchange_rate_wfp: 1535, fuel_diesel: 976","19.98%","16.82%","138.48%","5.12%","-35.59%","9.53%",0.56,0.86,"maize: 0.92, milk: 0.88, oil: 0.91, rice: 0.88, sorghum: 0.86","exchange_rate_wfp: 0.96, fuel_diesel: 0.89",0.89,"maize: cubist (Andree, 2021), milk: two-stage cubist (Andree and Pape, 2023), oil: two-stage cubist (Andree and Pape, 2023), rice: two-stage cubist (Andree and Pape, 2023), sorghum: two-stage cubist (Andree and Pape, 2023), maize: cubist (Andree, 2021), milk: cubist (Andree, 2021)"
"South Sudan","SSD","Beans (Red) (1 KG, Index Weight = 1), Cassava (Dry) (3.5 KG, Index Weight = 0.29), Groundnuts (Shelled) (1 KG, Index Weight = 1), Maize (White) (3.5 KG, Index Weight = 0.29), Millet (White) (3.5 KG, Index Weight = 0.29), Oil (Vegetable) (1 L, Index Weight = 1), Sesame (3.5 KG, Index Weight = 0.29), Sorghum (White, Imported) (3.5 KG, Index Weight = 0.29), Wheat Flour (1 KG, Index Weight = 1)","SSP","Jan 2007","Jun 2024",32,32,9,"beans: 2081, cassava: 418, groundnuts: 1499, maize: 1385, millet: 828, oil: 1898, sesame: 1289, sorghum: 1979, wheat_flour: 1898","fuel_diesel: 1183, fuel_petrol_gasoline: 1224","21.95%","48.29%","142906.33%","51.76%","-40.75%","28.29%",0.71,0.95,"beans: 0.9, cassava: 0.89, groundnuts: 0.88, maize: 0.9, millet: 0.9, oil: 0.88, sesame: 0.89, sorghum: 0.91, wheat_flour: 0.9","fuel_diesel: 0.91, fuel_petrol_gasoline: 0.9",0.89,"beans: cubist (Andree, 2021), cassava: two-stage cubist (Andree and Pape, 2023), groundnuts: cubist (Andree, 2021), maize: cubist (Andree, 2021), millet: cubist (Andree, 2021), oil: cubist (Andree, 2021), sesame: two-stage cubist (Andree and Pape, 2023), sorghum: two-stage cubist (Andree and Pape, 2023), wheat_flour: cubist (Andree, 2021), beans: cubist (Andree, 2021), cassava: cubist (Andree, 2021)"
"Syrian Arab Republic","SYR","Apples (1 KG, Index Weight = 1), Bananas (1 KG, Index Weight = 1), Beans (White) (1 KG, Index Weight = 1), Bread (Bakery) (1.1 KG, Index Weight = 0.91), Bulgur (1 KG, Index Weight = 1), Carrots (1 KG, Index Weight = 1), Cheese (1 KG, Index Weight = 1), Chickpeas (1 KG, Index Weight = 1), Dates (1 KG, Index Weight = 1), Eggplants (1 KG, Index Weight = 1), Eggs (30 pcs, Index Weight = 0.33), Fish (Tuna, Canned) (160 G, Index Weight = 6.25), Lentils (1 KG, Index Weight = 1), Meat (Beef, Minced) (1 KG, Index Weight = 1), Meat (Chicken, Plucked) (1 KG, Index Weight = 1), Oil (1 L, Index Weight = 1), Parsley (1 Packet, Index Weight = 2), Potatoes (1 KG, Index Weight = 1), Rice (1 KG, Index Weight = 1), Salt (Iodised) (1 KG, Index Weight = 1), Sugar (1 KG, Index Weight = 1), Tomatoes (1 KG, Index Weight = 1), Wheat Flour (1 KG, Index Weight = 1), Yogurt (1 KG, Index Weight = 1)","SYP","Feb 2011","May 2024",97,97,24,"apples: 4091, bananas: 3898, beans: 4654, bread: 5198, bulgur: 4477, carrots: 3570, cheese: 4501, chickpeas: 4495, dates: 4707, eggplants: 4014, eggs: 4352, fish_tuna_canned: 4718, lentils: 5750, meat_beef_minced: 4170, meat_chicken_plucked: 3964, oil: 5744, parsley: 4763, potatoes: 4233, rice: 5779, salt: 4399, sugar: 5860, tomatoes: 4832, wheat_flour: 5674, yogurt: 4811","exchange_rate_wfp: 4311, fuel_diesel: 5349, fuel_gas: 5290, livestock_sheep_two_year_old_male: 5037, wage_non_qualified_labour: 5164","29.87%","57.78%","9824.22%","40.87%","-24.25%","13.7%",0.68,0.96,"apples: 0.91, bananas: 0.92, beans: 0.97, bread: 0.98, bulgur: 0.95, carrots: 0.9, cheese: 0.95, chickpeas: 0.93, dates: 0.94, eggplants: 0.88, eggs: 0.96, fish_tuna_canned: 0.95, lentils: 0.97, meat_beef_minced: 0.97, meat_chicken_plucked: 0.95, oil: 0.97, parsley: 0.95, potatoes: 0.92, rice: 0.96, salt: 0.93, sugar: 0.97, tomatoes: 0.93, wheat_flour: 0.97, yogurt: 0.94","exchange_rate_wfp: 0.97, fuel_diesel: 0.97, fuel_gas: 0.96, livestock_sheep_two_year_old_male: 0.99, wage_non_qualified_labour: 0.96",0.95,"apples: two-stage cubist (Andree and Pape, 2023), bananas: two-stage cubist (Andree and Pape, 2023), beans: cubist (Andree, 2021), bread: cubist (Andree, 2021), bulgur: two-stage cubist (Andree and Pape, 2023), carrots: two-stage cubist (Andree and Pape, 2023), cheese: two-stage cubist (Andree and Pape, 2023), chickpeas: two-stage cubist (Andree and Pape, 2023), dates: two-stage cubist (Andree and Pape, 2023), eggplants: two-stage cubist (Andree and Pape, 2023), eggs: two-stage cubist (Andree and Pape, 2023), fish_tuna_canned: two-stage cubist (Andree and Pape, 2023), lentils: two-stage cubist (Andree and Pape, 2023), meat_beef_minced: cubist (Andree, 2021), meat_chicken_plucked: cubist (Andree, 2021), oil: cubist (Andree, 2021), parsley: cubist (Andree, 2021), potatoes: two-stage cubist (Andree and Pape, 2023), rice: two-stage cubist (Andree and Pape, 2023), salt: cubist (Andree, 2021), sugar: two-stage cubist (Andree and Pape, 2023), tomatoes: two-stage cubist (Andree and Pape, 2023), wheat_flour: cubist (Andree, 2021), yogurt: two-stage cubist (Andree and Pape, 2023), apples: cubist (Andree, 2021), bananas: cubist (Andree, 2021), beans: cubist (Andree, 2021), bread: cubist (Andree, 2021), bulgur: two-stage cubist (Andree and Pape, 2023)"
"Chad","TCD","Maize (White) (1 KG, Index Weight = 1), Millet (1 KG, Index Weight = 1), Rice (Imported) (1 KG, Index Weight = 1), Sorghum (Red) (1 KG, Index Weight = 1)","XAF","Jan 2007","Jan 2024",62,62,4,"maize: 2595, millet: 4279, rice: 1998, sorghum: 3745","livestockgoat_castrated_male: 2512, livestocksheep_castrated_male: 2797","24.23%","20.97%","56.07%","2.59%","-27.92%","9.16%",0.39,0.72,"maize: 0.98, millet: 0.77, rice: 0.98, sorghum: 0.74","livestockgoat_castrated_male: 0.95, livestocksheep_castrated_male: 0.96",0.93,"maize: two-stage cubist (Andree and Pape, 2023), millet: two-stage cubist (Andree and Pape, 2023), rice: two-stage cubist (Andree and Pape, 2023), sorghum: cubist (Andree, 2021), maize: two-stage cubist (Andree and Pape, 2023), millet: cubist (Andree, 2021)"
"Yemen, Rep.","YEM","Beans (Kidney Red) (1 KG, Index Weight = 1), Eggs (1 Unit, Index Weight = 12), Lentils (1 KG, Index Weight = 1), Oil (Vegetable) (1 L, Index Weight = 1), Onions (1 KG, Index Weight = 1), Peas (Yellow, Split) (1 KG, Index Weight = 1), Potatoes (1 KG, Index Weight = 1), Rice (Imported) (1 KG, Index Weight = 1), Salt (1 KG, Index Weight = 1), Sugar (1 KG, Index Weight = 1), Tomatoes (1 KG, Index Weight = 1), Wheat (1 KG, Index Weight = 1), Wheat Flour (1 KG, Index Weight = 1)","YER","Jan 2009","Apr 2024",24,24,13,"beans: 2493, eggs: 2441, lentils: 2408, oil: 2517, onions: 2581, peas: 1967, potatoes: 2538, rice: 2444, salt: 2440, sugar: 2487, tomatoes: 2544, wheat: 2774, wheat_flour: 2800","exchange_rate_wfp: 2216, fuel_diesel: 2452, fuel_gas: 2191, fuel_petrol_gasoline: 2452, livestock_sheep_two_year_old_male: 2187, milling_cost_wheat: 2135, wage_non_qualified_labour: 2180, wage_qualified_labour: 2183","55.89%","74.76%","533.94%","12.73%","-14.17%","10.41%",0.51,0.74,"beans: 0.95, eggs: 0.97, lentils: 0.94, oil: 0.94, onions: 0.83, peas: 0.89, potatoes: 0.84, rice: 0.96, salt: 0.93, sugar: 0.94, tomatoes: 0.92, wheat: 0.95, wheat_flour: 0.95","exchange_rate_wfp: 0.99, fuel_diesel: 0.92, fuel_gas: 0.93, fuel_petrol_gasoline: 0.91, livestock_sheep_two_year_old_male: 0.97, milling_cost_wheat: 0.95, wage_non_qualified_labour: 0.97, wage_qualified_labour: 0.98",0.95,"beans: cubist (Andree, 2021), eggs: cubist (Andree, 2021), lentils: two-stage cubist (Andree and Pape, 2023), oil: cubist (Andree, 2021), onions: two-stage cubist (Andree and Pape, 2023), peas: cubist (Andree, 2021), potatoes: cubist (Andree, 2021), rice: two-stage cubist (Andree and Pape, 2023), salt: two-stage cubist (Andree and Pape, 2023), sugar: cubist (Andree, 2021), tomatoes: cubist (Andree, 2021), wheat: cubist (Andree, 2021), wheat_flour: cubist (Andree, 2021), beans: cubist (Andree, 2021), eggs: cubist (Andree, 2021), lentils: cubist (Andree, 2021), oil: two-stage cubist (Andree and Pape, 2023), onions: two-stage cubist (Andree and Pape, 2023), peas: two-stage cubist (Andree and Pape, 2023), potatoes: cubist (Andree, 2021), rice: cubist (Andree, 2021)"
